20,800
theta,thetaDot,P1,P2,u1,u2
0,0,1049.7,0.0181602,16974.1,386169
-6.81486e-19,0.00174444,1685.92,0.0215143,11337.5,392097
1.41928e-05,0.00348889,2147.89,0.0248683,9156.17,393700
5.09806e-05,0.00523333,2536.43,0.0282223,8430.8,393965
0.000116244,0.00697778,2894.03,0.0315763,8318.99,393816
0.000214714,0.00872222,3238.6,0.0349303,8465.72,393539
0.00035054,0.0104667,3577.66,0.0382843,8721.4,393221
0.000527529,0.0122111,3914.41,0.0416382,9022.99,392892
0.000749232,0.0139556,4250.18,0.0449921,9343.91,392558
0.00101898,0.0157,4585.53,0.048346,9672.98,392224
0.00133991,0.0174444,4920.71,0.0516998,10005.5,391889
0.00171493,0.0191889,5255.81,0.0550536,10339.4,391554
0.00214674,0.0209333,5590.87,0.0584074,10673.9,391219
0.00263782,0.0226778,5925.92,0.0617611,11008.7,390884
0.00319042,0.0244222,6260.95,0.0651147,11343.6,390549
0.00380658,0.0261667,6595.98,0.0684682,11678.5,390214
0.00448807,0.0279111,6931,0.0718217,12013.4,389879
0.00523646,0.0296556,7266.01,0.0751752,12348.3,389544
0.00605305,0.0314,7601.02,0.0785285,12683.2,389209
0.00693891,0.0331444,7936.02,0.0818818,13018.1,388874
0.00789485,0.0348889,8271,0.0852349,13352.9,388539
0.00892146,0.0366333,8605.98,0.088588,13687.8,388205
0.0100191,0.0383778,8940.96,0.091941,14022.6,387870
0.0111877,0.0401222,9275.92,0.0952939,14357.4,387535
0.0124273,0.0418667,9610.87,0.0986467,14692.2,387200
0.0137375,0.0436111,9945.81,0.101999,15027,386865
0.0151175,0.0453556,10280.7,0.105352,15361.8,386530
0.0165666,0.0471,10615.7,0.108704,15696.5,386195
0.0180837,0.0488444,10950.6,0.112057,16031.2,385861
0.0196673,0.0505889,11285.5,0.115409,16365.9,385526
0.0213162,0.0523333,11620.3,0.118761,16700.6,385191
0.0230284,0.0540778,11955.2,0.122113,17035.3,384856
0.0248021,0.0558222,12290.1,0.125465,17369.9,384522
0.0266351,0.0575667,12624.9,0.128816,17704.6,384187
0.0285252,0.0593111,12959.7,0.132168,18039.2,383852
0.0304699,0.0610556,13294.5,0.135519,18373.8,383517
0.0324665,0.0628,13629.3,0.13887,18708.3,383183
0.0345123,0.0645444,13964.1,0.142222,19042.9,382848
0.0366043,0.0662889,14298.9,0.145572,19377.4,382514
0.0387395,0.0680333,14633.6,0.148923,19711.9,382179
0.0409146,0.0697778,14968.4,0.152274,20046.3,381844
0.0431265,0.0715222,15303.1,0.155624,20380.8,381510
0.0453716,0.0732667,15637.8,0.158974,20715.2,381175
0.0476466,0.0750111,15972.4,0.162324,21049.6,380841
0.0499479,0.0767556,16307.1,0.165674,21384,380506
0.0522719,0.0785,16641.7,0.169023,21718.3,380172
0.054615,0.0802444,16976.4,0.172373,22052.6,379837
0.0569735,0.0819889,17310.9,0.175722,22386.9,379503
0.0593436,0.0837333,17645.5,0.179071,22721.2,379168
0.0617218,0.0854778,17980.1,0.18242,23055.4,378834
0.0641043,0.0872222,18314.6,0.185768,23389.6,378500
0.0664874,0.0889667,18649.1,0.189116,23723.8,378165
0.0688675,0.0907111,18983.6,0.192464,24057.9,377831
0.071241,0.0924556,19318.1,0.195812,24392,377497
0.0736043,0.0942,19652.5,0.19916,24726.1,377163
0.0759539,0.0959444,19986.9,0.202507,25060.2,376828
0.0782865,0.0976889,20321.3,0.205854,25394.2,376494
0.0805987,0.0994333,20655.7,0.209201,25728.2,376160
0.0828873,0.101178,20990,0.212548,26062.1,375826
0.0851491,0.102922,21324.4,0.215894,26396.1,375492
0.0873813,0.104667,21658.6,0.21924,26730,375158
0.0895808,0.106411,21992.9,0.222586,27063.8,374824
0.0917451,0.108156,22327.1,0.225931,27397.6,374490
0.0938714,0.1099,22661.4,0.229277,27731.4,374156
0.0959574,0.111644,22995.5,0.232622,28065.2,373822
0.0980008,0.113389,23329.7,0.235966,28398.9,373488
0.0999994,0.115133,23663.8,0.239311,28732.6,373154
0.101951,0.116878,23997.9,0.242655,29066.3,372820
0.103855,0.118622,24332,0.245999,29399.9,372486
0.105708,0.120367,24666,0.249342,29733.4,372152
0.10751,0.122111,25000,0.252685,30067,371819
0.10926,0.123856,25334,0.256028,30400.5,371485
0.110955,0.1256,25667.9,0.25937,30733.9,371151
0.112596,0.127344,26001.8,0.262713,31067.4,370818
0.114182,0.129089,26335.7,0.266055,31400.7,370484
0.115713,0.130833,26669.6,0.269396,31734.1,370151
0.117187,0.132578,27003.4,0.272737,32067.4,369817
0.118605,0.134322,27337.1,0.276078,32400.7,369484
0.119968,0.136067,27670.9,0.279419,32733.9,369150
0.121275,0.137811,28004.6,0.282759,33067.1,368817
0.122527,0.139556,28338.3,0.286099,33400.2,368483
0.123724,0.1413,28671.9,0.289438,33733.3,368150
0.124868,0.143044,29005.5,0.292777,34066.4,367817
0.125959,0.144789,29339.1,0.296116,34399.4,367483
0.126999,0.146533,29672.6,0.299454,34732.3,367150
0.127989,0.148278,30006.1,0.302792,35065.3,366817
0.128931,0.150022,30339.5,0.30613,35398.1,366484
0.129825,0.151767,30673,0.309467,35731,366151
0.130675,0.153511,31006.3,0.312804,36063.8,365818
0.131481,0.155256,31339.7,0.31614,36396.5,365485
0.132246,0.157,31673,0.319476,36729.2,365152
0.132972,0.158744,32006.2,0.322812,37061.8,364819
0.133662,0.160489,32339.4,0.326147,37394.4,364486
0.134317,0.162233,32672.6,0.329482,37727,364153
0.134941,0.163978,33005.7,0.332816,38059.5,363820
0.135535,0.165722,33338.8,0.33615,38392,363488
0.136102,0.167467,33671.9,0.339484,38724.4,363155
0.136646,0.169211,34004.9,0.342817,39056.7,362822
0.137168,0.170956,34337.9,0.346149,39389,362490
0.137672,0.1727,34670.8,0.349482,39721.3,362157
0.13816,0.174444,35003.6,0.352813,40053.5,361825
0.138635,0.176189,35336.5,0.356145,40385.7,361492
0.1391,0.177933,35669.3,0.359475,40717.8,361160
0.139558,0.179678,36002,0.362806,41049.8,360827
0.140012,0.181422,36334.7,0.366136,41381.8,360495
0.140465,0.183167,36667.3,0.369465,41713.8,360163
0.140919,0.184911,37000,0.372794,42045.6,359831
0.141377,0.186656,37332.5,0.376123,42377.5,359498
0.141841,0.1884,37665,0.379451,42709.3,359166
0.142315,0.190144,37997.5,0.382778,43041,358834
0.142802,0.191889,38329.9,0.386106,43372.7,358502
0.143303,0.193633,38662.2,0.389432,43704.3,358170
0.143821,0.195378,38994.6,0.392758,44035.9,357838
0.144358,0.197122,39326.8,0.396084,44367.4,357506
0.144917,0.198867,39659,0.399409,44698.8,357175
0.1455,0.200611,39991.2,0.402733,45030.2,356843
0.146109,0.202356,40323.3,0.406057,45361.5,356511
0.146746,0.2041,40655.4,0.409381,45692.8,356180
0.147412,0.205844,40987.4,0.412704,46024,355848
0.14811,0.207589,41319.3,0.416026,46355.2,355517
0.148841,0.209333,41651.2,0.419348,46686.3,355185
0.149606,0.211078,41983.1,0.42267,47017.3,354854
0.150407,0.212822,42314.9,0.425991,47348.3,354522
0.151245,0.214567,42646.6,0.429311,47679.2,354191
0.152121,0.216311,42978.3,0.432631,48010.1,353860
0.153035,0.218056,43309.9,0.43595,48340.9,353529
0.153989,0.2198,43641.5,0.439269,48671.6,353198
0.154984,0.221544,43973,0.442587,49002.3,352866
0.156018,0.223289,44304.5,0.445904,49332.9,352535
0.157094,0.225033,44635.9,0.449221,49663.4,352205
0.15821,0.226778,44967.2,0.452538,49993.9,351874
0.159368,0.228522,45298.5,0.455853,50324.3,351543
0.160566,0.230267,45629.8,0.459169,50654.7,351212
0.161805,0.232011,45960.9,0.462483,50984.9,350881
0.163084,0.233756,46292,0.465797,51315.2,350551
0.164402,0.2355,46623.1,0.469111,51645.3,350220
0.165759,0.237244,46954.1,0.472424,51975.4,349890
0.167154,0.238989,47285,0.475736,52305.4,349559
0.168586,0.240733,47615.9,0.479047,52635.4,349229
0.170054,0.242478,47946.7,0.482358,52965.3,348899
0.171556,0.244222,48277.5,0.485669,53295.1,348568
0.173092,0.245967,48608.2,0.488978,53624.8,348238
0.174659,0.247711,48938.8,0.492288,53954.5,347908
0.176258,0.249456,49269.3,0.495596,54284.1,347578
0.177884,0.2512,49599.8,0.498904,54613.6,347248
0.179538,0.252944,49930.3,0.502211,54943.1,346918
0.181217,0.254689,50260.6,0.505518,55272.5,346588
0.18292,0.256433,50591,0.508823,55601.8,346259
0.184644,0.258178,50921.2,0.512129,55931.1,345929
0.186388,0.259922,51251.4,0.515433,56260.3,345599
0.188149,0.261667,51581.5,0.518737,56589.4,345270
0.189925,0.263411,51911.5,0.52204,56918.4,344940
0.191715,0.265156,52241.5,0.525343,57247.4,344611
0.193516,0.2669,52571.4,0.528645,57576.2,344282
0.195326,0.268644,52901.2,0.531946,57905.1,343952
0.197142,0.270389,53231,0.535247,58233.8,343623
0.198964,0.272133,53560.7,0.538547,58562.5,343294
0.200788,0.273878,53890.4,0.541846,58891,342965
0.202612,0.275622,54219.9,0.545144,59219.6,342636
0.204434,0.277367,54549.4,0.548442,59548,342307
0.206253,0.279111,54878.8,0.551739,59876.3,341978
0.208065,0.280856,55208.2,0.555035,60204.6,341649
0.209869,0.2826,55537.5,0.558331,60532.8,341321
0.211663,0.284344,55866.7,0.561626,60860.9,340992
0.213446,0.286089,56195.8,0.56492,61189,340664
0.215214,0.287833,56524.9,0.568213,61517,340335
0.216967,0.289578,56853.9,0.571506,61844.8,340007
0.218702,0.291322,57182.8,0.574798,62172.7,339678
0.220418,0.293067,57511.7,0.578089,62500.4,339350
0.222113,0.294811,57840.4,0.58138,62828,339022
0.223786,0.296556,58169.1,0.584669,63155.6,338694
0.225435,0.2983,58497.8,0.587958,63483.1,338366
0.22706,0.300044,58826.3,0.591246,63810.5,338038
0.228658,0.301789,59154.8,0.594534,64137.8,337710
0.230229,0.303533,59483.2,0.597821,64465,337382
0.231772,0.305278,59811.5,0.601106,64792.2,337055
0.233285,0.307022,60139.7,0.604392,65119.2,336727
0.234768,0.308767,60467.9,0.607676,65446.2,336400
0.236221,0.310511,60796,0.610959,65773.1,336072
0.237643,0.312256,61124,0.614242,66099.9,335745
0.239032,0.314,61451.9,0.617524,66426.7,335418
0.24039,0.315744,61779.7,0.620805,66753.3,335090
0.241715,0.317489,62107.5,0.624086,67079.8,334763
0.243008,0.319233,62435.2,0.627365,67406.3,334436
0.244269,0.320978,62762.8,0.630644,67732.7,334109
0.245497,0.322722,63090.3,0.633922,68059,333782
0.246693,0.324467,63417.8,0.637199,68385.2,333456
0.247857,0.326211,63745.1,0.640475,68711.3,333129
0.24899,0.327956,64072.4,0.643751,69037.3,332802
0.250092,0.3297,64399.6,0.647025,69363.3,332476
0.251164,0.331444,64726.7,0.650299,69689.1,332150
0.252206,0.333189,65053.7,0.653572,70014.9,331823
0.25322,0.334933,65380.7,0.656844,70340.5,331497
0.254205,0.336678,65707.5,0.660115,70666.1,331171
0.255165,0.338422,66034.3,0.663386,70991.6,330845
0.256098,0.340167,66361,0.666655,71317,330519
0.257007,0.341911,66687.6,0.669924,71642.3,330193
0.257893,0.343656,67014.1,0.673192,71967.5,329867
0.258756,0.3454,67340.6,0.676459,72292.6,329541
0.259599,0.347144,67666.9,0.679725,72617.6,329216
0.260423,0.348889,67993.2,0.68299,72942.6,328890
0.261229,0.350633,68319.3,0.686254,73267.4,328565
0.262019,0.352378,68645.4,0.689518,73592.1,328239
0.262794,0.354122,68971.4,0.69278,73916.8,327914
0.263556,0.355867,69297.3,0.696042,74241.3,327589
0.264306,0.357611,69623.1,0.699303,74565.8,327264
0.265046,0.359356,69948.8,0.702562,74890.1,326939
0.265778,0.3611,70274.5,0.705821,75214.4,326614
0.266504,0.362844,70600,0.709079,75538.6,326289
0.267224,0.364589,70925.4,0.712336,75862.6,325965
0.267942,0.366333,71250.8,0.715592,76186.6,325640
0.268657,0.368078,71576.1,0.718848,76510.4,325316
0.269373,0.369822,71901.2,0.722102,76834.2,324991
0.27009,0.371567,72226.3,0.725355,77157.9,324667
0.27081,0.373311,72551.3,0.728608,77481.4,324343
0.271535,0.375056,72876.2,0.731859,77804.9,324019
0.272266,0.3768,73201,0.73511,78128.3,323695
0.273005,0.378544,73525.7,0.738359,78451.5,323371
0.273753,0.380289,73850.3,0.741608,78774.7,323047
0.274512,0.382033,74174.8,0.744856,79097.8,322723
0.275282,0.383778,74499.2,0.748102,79420.7,322400
0.276066,0.385522,74823.5,0.751348,79743.6,322076
0.276864,0.387267,75147.8,0.754593,80066.3,321753
0.277678,0.389011,75471.9,0.757837,80389,321429
0.278508,0.390756,75795.9,0.761079,80711.5,321106
0.279356,0.3925,76119.8,0.764321,81034,320783
0.280222,0.394244,76443.7,0.767562,81356.3,320460
0.281108,0.395989,76767.4,0.770802,81678.5,320137
0.282014,0.397733,77091,0.774041,82000.7,319814
0.282941,0.399478,77414.6,0.777279,82322.7,319492
0.283889,0.401222,77738,0.780515,82644.6,319169
0.284859,0.402967,78061.3,0.783751,82966.4,318846
0.285852,0.404711,78384.6,0.786986,83288.1,318524
0.286867,0.406456,78707.7,0.79022,83609.7,318202
0.287906,0.4082,79030.7,0.793453,83931.2,317880
0.288967,0.409944,79353.7,0.796684,84252.5,317558
0.290052,0.411689,79676.5,0.799915,84573.8,317236
0.291161,0.413433,79999.2,0.803145,84895,316914
0.292293,0.415178,80321.8,0.806373,85216,316592
0.293447,0.416922,80644.3,0.809601,85537,316270
0.294625,0.418667,80966.7,0.812827,85857.8,315949
0.295825,0.420411,81289,0.816053,86178.5,315627
0.297047,0.422156,81611.2,0.819277,86499.1,315306
0.298291,0.4239,81933.3,0.822501,86819.6,314985
0.299556,0.425644,82255.3,0.825723,87140,314664
0.300842,0.427389,82577.2,0.828944,87460.2,314343
0.302147,0.429133,82899,0.832165,87780.4,314022
0.303472,0.430878,83220.6,0.835384,88100.4,313701
0.304814,0.432622,83542.2,0.838602,88420.4,313380
0.306174,0.434367,83863.6,0.841819,88740.2,313060
0.30755,0.436111,84185,0.845034,89059.9,312739
0.308942,0.437856,84506.2,0.848249,89379.4,312419
0.310348,0.4396,84827.3,0.851463,89698.9,312099
0.311768,0.441344,85148.4,0.854675,90018.3,311779
0.313199,0.443089,85469.3,0.857887,90337.5,311459
0.314642,0.444833,85790.1,0.861097,90656.6,311139
0.316095,0.446578,86110.7,0.864306,90975.6,310819
0.317556,0.448322,86431.3,0.867515,91294.5,310499
0.319025,0.450067,86751.8,0.870722,91613.3,310180
0.3205,0.451811,87072.1,0.873927,91931.9,309861
0.321981,0.453556,87392.4,0.877132,92250.5,309541
0.323465,0.4553,87712.5,0.880336,92568.9,309222
0.324951,0.457044,88032.5,0.883538,92887.2,308903
0.326439,0.458789,88352.4,0.88674,93205.3,308584
0.327927,0.460533,88672.2,0.88994,93523.4,308265
0.329413,0.462278,88991.8,0.893139,93841.3,307946
0.330898,0.464022,89311.4,0.896337,94159.1,307628
0.332378,0.465767,89630.8,0.899533,94476.8,307309
0.333854,0.467511,89950.1,0.902729,94794.4,306991
0.335324,0.469256,90269.4,0.905923,95111.8,306673
0.336787,0.471,90588.4,0.909117,95429.1,306355
0.338242,0.472744,90907.4,0.912309,95746.3,306037
0.339687,0.474489,91226.3,0.9155,96063.4,305719
0.341123,0.476233,91545,0.918689,96380.4,305401
0.342547,0.477978,91863.6,0.921878,96697.2,305083
0.343959,0.479722,92182.1,0.925065,97013.9,304766
0.345359,0.481467,92500.5,0.928251,97330.5,304449
0.346744,0.483211,92818.8,0.931436,97646.9,304131
0.348115,0.484956,93136.9,0.93462,97963.2,303814
0.349471,0.4867,93454.9,0.937802,98279.4,303497
0.350812,0.488444,93772.8,0.940984,98595.5,303180
0.352136,0.490189,94090.6,0.944164,98911.5,302863
0.353443,0.491933,94408.3,0.947343,99227.3,302547
0.354732,0.493678,94725.8,0.95052,99543,302230
0.356004,0.495422,95043.2,0.953697,99858.5,301914
0.357258,0.497167,95360.5,0.956872,100174,301598
0.358494,0.498911,95677.7,0.960046,100489,301281
0.359711,0.500656,95994.7,0.963219,100804,300965
0.360909,0.5024,96311.7,0.96639,101119,300650
0.362089,0.504144,96628.5,0.96956,101434,300334
0.36325,0.505889,96945.1,0.972729,101749,300018
0.364392,0.507633,97261.7,0.975897,102064,299703
0.365516,0.509378,97578.1,0.979064,102378,299387
0.366622,0.511122,97894.4,0.982229,102693,299072
0.367709,0.512867,98210.6,0.985393,103007,298757
0.368779,0.514611,98526.6,0.988556,103321,298442
0.369831,0.516356,98842.5,0.991717,103635,298127
0.370867,0.5181,99158.3,0.994877,103949,297812
0.371885,0.519844,99474,0.998036,104263,297498
0.372888,0.521589,99789.5,1.00119,104576,297183
0.373876,0.523333,100105,1.00435,104890,296869
0.374848,0.525078,100420,1.0075,105203,296555
0.375807,0.526822,100735,1.01066,105516,296241
0.376752,0.528567,101050,1.01381,105829,295927
0.377684,0.530311,101365,1.01696,106142,295613
0.378605,0.532056,101680,1.02011,106455,295299
0.379514,0.5338,101995,1.02326,106768,294986
0.380414,0.535544,102309,1.02641,107080,294672
0.381303,0.537289,102624,1.02955,107393,294359
0.382184,0.539033,102938,1.0327,107705,294046
0.383058,0.540778,103252,1.03584,108017,293733
0.383925,0.542522,103566,1.03898,108329,293420
0.384786,0.544267,103880,1.04212,108641,293107
0.385642,0.546011,104193,1.04526,108952,292795
0.386494,0.547756,104507,1.0484,109264,292482
0.387344,0.5495,104820,1.05154,109575,292170
0.388191,0.551244,105134,1.05467,109887,291858
0.389037,0.552989,105447,1.05781,110198,291546
0.389883,0.554733,105760,1.06094,110509,291234
0.39073,0.556478,106073,1.06407,110820,290922
0.391578,0.558222,106386,1.0672,111130,290610
0.392429,0.559967,106698,1.07033,111441,290299
0.393283,0.561711,107011,1.07345,111751,289988
0.394142,0.563456,107323,1.07658,112061,289676
0.395005,0.5652,107635,1.0797,112372,289365
0.395875,0.566944,107947,1.08283,112682,289054
0.396751,0.568689,108259,1.08595,112991,288744
0.397634,0.570433,108571,1.08907,113301,288433
0.398525,0.572178,108883,1.09219,113611,288122
0.399425,0.573922,109194,1.0953,113920,287812
0.400334,0.575667,109506,1.09842,114229,287502
0.401253,0.577411,109817,1.10154,114538,287192
0.402182,0.579156,110128,1.10465,114847,286882
0.403122,0.5809,110439,1.10776,115156,286572
0.404074,0.582644,110750,1.11087,115465,286262
0.405037,0.584389,111060,1.11398,115773,285953
0.406012,0.586133,111371,1.11709,116082,285644
0.406999,0.587878,111681,1.12019,116390,285334
0.407999,0.589622,111991,1.1233,116698,285025
0.409011,0.591367,112302,1.1264,117006,284717
0.410037,0.593111,112612,1.1295,117314,284408
0.411075,0.594856,112921,1.1326,117621,284099
0.412126,0.5966,113231,1.1357,117929,283791
0.413191,0.598344,113541,1.1388,118236,283482
0.414268,0.600089,113850,1.14189,118543,283174
0.415359,0.601833,114159,1.14499,118850,282866
0.416462,0.603578,114468,1.14808,119157,282558
0.417577,0.605322,114777,1.15117,119464,282251
0.418705,0.607067,115086,1.15426,119770,281943
0.419845,0.608811,115395,1.15735,120077,281636
0.420997,0.610556,115703,1.16044,120383,281328
0.42216,0.6123,116011,1.16352,120689,281021
0.423334,0.614044,116320,1.16661,120995,280714
0.424519,0.615789,116628,1.16969,121301,280407
0.425714,0.617533,116936,1.17277,121607,280101
0.426919,0.619278,117243,1.17585,121912,279794
0.428133,0.621022,117551,1.17893,122217,279488
0.429355,0.622767,117858,1.182,122523,279182
0.430585,0.624511,118166,1.18508,122828,278876
0.431823,0.626256,118473,1.18815,123132,278570
0.433068,0.628,118780,1.19122,123437,278264
0.434318,0.629744,119087,1.1943,123742,277958
0.435574,0.631489,119393,1.19736,124046,277653
0.436835,0.633233,119700,1.20043,124350,277348
0.4381,0.634978,120006,1.2035,124654,277043
0.439369,0.636722,120313,1.20656,124958,276738
0.44064,0.638467,120619,1.20962,125262,276433
0.441913,0.640211,120925,1.21269,125566,276128
0.443188,0.641956,121230,1.21575,125869,275824
0.444463,0.6437,121536,1.2188,126172,275519
0.445738,0.645444,121842,1.22186,126476,275215
0.447012,0.647189,122147,1.22492,126779,274911
0.448285,0.648933,122452,1.22797,127081,274607
0.449556,0.650678,122757,1.23102,127384,274304
0.450824,0.652422,123062,1.23407,127686,274000
0.452088,0.654167,123367,1.23712,127989,273697
0.453349,0.655911,123671,1.24017,128291,273393
0.454605,0.657656,123975,1.24321,128593,273090
0.455855,0.6594,124280,1.24626,128895,272787
0.4571,0.661144,124584,1.2493,129196,272485
0.458339,0.662889,124888,1.25234,129498,272182
0.45957,0.664633,125191,1.25538,129799,271880
0.460795,0.666378,125495,1.25842,130100,271577
0.462011,0.668122,125798,1.26145,130401,271275
0.463219,0.669867,126102,1.26449,130702,270973
0.464419,0.671611,126405,1.26752,131003,270672
0.465609,0.673356,126708,1.27055,131304,270370
0.466791,0.6751,127010,1.27358,131604,270069
0.467962,0.676844,127313,1.27661,131904,269767
0.469124,0.678589,127616,1.27964,132204,269466
0.470276,0.680333,127918,1.28266,132504,269165
0.471417,0.682078,128220,1.28569,132804,268864
0.472548,0.683822,128522,1.28871,133103,268564
0.473669,0.685567,128824,1.29173,133402,268263
0.474778,0.687311,129125,1.29474,133702,267963
0.475877,0.689056,129427,1.29776,134001,267663
0.476966,0.6908,129728,1.30078,134299,267363
0.478043,0.692544,130029,1.30379,134598,267063
0.479111,0.694289,130330,1.3068,134897,266764
0.480167,0.696033,130631,1.30981,135195,266464
0.481213,0.697778,130932,1.31282,135493,266165
0.482249,0.699522,131232,1.31583,135791,265866
0.483275,0.701267,131533,1.31883,136089,265567
0.484292,0.703011,131833,1.32184,136387,265268
0.485298,0.704756,132133,1.32484,136684,264969
0.486296,0.7065,132433,1.32784,136981,264671
0.487284,0.708244,132732,1.33084,137278,264373
0.488264,0.709989,133032,1.33383,137575,264075
0.489235,0.711733,133331,1.33683,137872,263777
0.490199,0.713478,133630,1.33982,138169,263479
0.491155,0.715222,133929,1.34281,138465,263181
0.492104,0.716967,134228,1.3458,138761,262884
0.493047,0.718711,134527,1.34879,139057,262587
0.493983,0.720456,134825,1.35178,139353,262290
0.494914,0.7222,135124,1.35476,139649,261993
0.495839,0.723944,135422,1.35775,139945,261696
0.49676,0.725689,135720,1.36073,140240,261399
0.497677,0.727433,136018,1.36371,140535,261103
0.49859,0.729178,136315,1.36668,140830,260807
0.499499,0.730922,136613,1.36966,141125,260511
0.500406,0.732667,136910,1.37264,141420,260215
0.501311,0.734411,137207,1.37561,141714,259919
0.502215,0.736156,137504,1.37858,142009,259624
0.503117,0.7379,137801,1.38155,142303,259328
0.504018,0.739644,138097,1.38452,142597,259033
0.50492,0.741389,138394,1.38748,142890,258738
0.505822,0.743133,138690,1.39045,143184,258444
0.506725,0.744878,138986,1.39341,143478,258149
0.507629,0.746622,139282,1.39637,143771,257855
0.508535,0.748367,139578,1.39933,144064,257560
0.509444,0.750111,139873,1.40229,144357,257266
0.510355,0.751856,140169,1.40524,144649,256972
0.51127,0.7536,140464,1.40819,144942,256679
0.512188,0.755344,140759,1.41115,145234,256385
0.51311,0.757089,141054,1.4141,145526,256092
0.514037,0.758833,141348,1.41704,145818,255798
0.514968,0.760578,141643,1.41999,146110,255505
0.515904,0.762322,141937,1.42294,146402,255213
0.516846,0.764067,142231,1.42588,146693,254920
0.517793,0.765811,142525,1.42882,146984,254628
0.518746,0.767556,142819,1.43176,147275,254335
0.519706,0.7693,143112,1.4347,147566,254043
0.520671,0.771044,143406,1.43763,147857,253751
0.521644,0.772789,143699,1.44057,148148,253459
0.522622,0.774533,143992,1.4435,148438,253168
0.523608,0.776278,144285,1.44643,148728,252877
0.524601,0.778022,144578,1.44936,149018,252585
0.5256,0.779767,144870,1.45228,149308,252294
0.526607,0.781511,145163,1.45521,149597,252004
0.52762,0.783256,145455,1.45813,149887,251713
0.528641,0.785,145747,1.46105,150176,251422
0.529668,0.786744,146038,1.46397,150465,251132
0.530703,0.788489,146330,1.46689,150754,250842
0.531744,0.790233,146621,1.46981,151042,250552
0.532792,0.791978,146913,1.47272,151331,250263
0.533847,0.793722,147204,1.47563,151619,249973
0.534908,0.795467,147495,1.47854,151907,249684
0.535976,0.797211,147785,1.48145,152195,249395
0.53705,0.798956,148076,1.48436,152483,249106
0.538129,0.8007,148366,1.48726,152770,248817
0.539215,0.802444,148656,1.49016,153058,248528
0.540305,0.804189,148946,1.49307,153345,248240
0.541401,0.805933,149236,1.49596,153632,247952
0.542502,0.807678,149526,1.49886,153918,247664
0.543607,0.809422,149815,1.50176,154205,247376
0.544717,0.811167,150104,1.50465,154491,247088
0.54583,0.812911,150393,1.50754,154777,246801
0.546947,0.814656,150682,1.51043,155063,246513
0.548067,0.8164,150971,1.51332,155349,246226
0.54919,0.818144,151259,1.51621,155635,245940
0.550316,0.819889,151547,1.51909,155920,245653
0.551443,0.821633,151835,1.52197,156205,245366
0.552573,0.823378,152123,1.52485,156490,245080
0.553703,0.825122,152411,1.52773,156775,244794
0.554835,0.826867,152698,1.53061,157060,244508
0.555967,0.828611,152986,1.53348,157344,244222
0.5571,0.830356,153273,1.53635,157629,243937
0.558232,0.8321,153560,1.53923,157913,243651
0.559364,0.833844,153847,1.54209,158196,243366
0.560495,0.835589,154133,1.54496,158480,243081
0.561625,0.837333,154419,1.54783,158764,242796
0.562753,0.839078,154706,1.55069,159047,242512
0.563878,0.840822,154992,1.55355,159330,242228
0.565002,0.842567,155277,1.55641,159613,241943
0.566123,0.844311,155563,1.55927,159895,241659
0.567241,0.846056,155848,1.56212,160178,241376
0.568356,0.8478,156134,1.56498,160460,241092
0.569467,0.849544,156419,1.56783,160742,240809
0.570574,0.851289,156703,1.57068,161024,240525
0.571677,0.853033,156988,1.57352,161306,240242
0.572775,0.854778,157272,1.57637,161587,239960
0.573869,0.856522,157557,1.57921,161869,239677
0.574959,0.858267,157841,1.58206,162150,239395
0.576043,0.860011,158125,1.5849,162430,239112
0.577121,0.861756,158408,1.58773,162711,238830
0.578195,0.8635,158692,1.59057,162992,238549
0.579263,0.865244,158975,1.5934,163272,238267
0.580325,0.866989,159258,1.59624,163552,237985
0.581381,0.868733,159541,1.59907,163832,237704
0.582431,0.870478,159823,1.60189,164112,237423
0.583476,0.872222,160106,1.60472,164391,237142
0.584514,0.873967,160388,1.60754,164670,236862
0.585547,0.875711,160670,1.61037,164949,236581
0.586573,0.877456,160952,1.61319,165228,236301
0.587593,0.8792,161234,1.616,165507,236021
0.588607,0.880944,161515,1.61882,165785,235741
0.589616,0.882689,161797,1.62163,166064,235462
0.590618,0.884433,162078,1.62445,166342,235182
0.591614,0.886178,162359,1.62726,166620,234903
0.592605,0.887922,162639,1.63006,166897,234624
0.59359,0.889667,162920,1.63287,167175,234345
0.594569,0.891411,163200,1.63567,167452,234067
0.595543,0.893156,163480,1.63848,167729,233788
0.596512,0.8949,163760,1.64128,168006,233510
0.597476,0.896644,164040,1.64408,168282,233232
0.598435,0.898389,164319,1.64687,168559,232954
0.599389,0.900133,164598,1.64967,168835,232677
0.600339,0.901878,164877,1.65246,169111,232399
0.601284,0.903622,165156,1.65525,169387,232122
0.602226,0.905367,165435,1.65804,169662,231845
0.603164,0.907111,165713,1.66082,169938,231568
0.604098,0.908856,165992,1.6636,170213,231292
0.605029,0.9106,166270,1.66639,170488,231015
0.605957,0.912344,166548,1.66917,170763,230739
0.606882,0.914089,166825,1.67194,171037,230463
0.607804,0.915833,167103,1.67472,171312,230188
0.608725,0.917578,167380,1.67749,171586,229912
0.609643,0.919322,167657,1.68027,171860,229637
0.61056,0.921067,167934,1.68303,172133,229362
0.611476,0.922811,168210,1.6858,172407,229087
0.61239,0.924556,168487,1.68857,172680,228812
0.613304,0.9263,168763,1.69133,172953,228537
0.614217,0.928044,169039,1.69409,173226,228263
0.61513,0.929789,169315,1.69685,173499,227989
0.616042,0.931533,169590,1.69961,173771,227715
0.616956,0.933278,169866,1.70236,174043,227442
0.617869,0.935022,170141,1.70512,174315,227168
0.618784,0.936767,170416,1.70787,174587,226895
0.619699,0.938511,170691,1.71062,174859,226622
0.620616,0.940256,170965,1.71336,175130,226349
0.621534,0.942,171240,1.71611,175401,226076
0.622454,0.943744,171514,1.71885,175672,225804
0.623376,0.945489,171788,1.72159,175943,225532
0.624299,0.947233,172061,1.72433,176214,225260
0.625226,0.948978,172335,1.72707,176484,224988
0.626154,0.950722,172608,1.7298,176754,224717
0.627086,0.952467,172881,1.73253,177024,224445
0.62802,0.954211,173154,1.73526,177294,224174
0.628957,0.955956,173427,1.73799,177563,223903
0.629897,0.9577,173699,1.74072,177832,223633
0.630841,0.959444,173971,1.74344,178102,223362
0.631787,0.961189,174244,1.74616,178370,223092
0.632737,0.962933,174515,1.74888,178639,222822
0.633691,0.964678,174787,1.7516,178907,222552
0.634648,0.966422,175058,1.75431,179176,222282
0.635608,0.968167,175330,1.75703,179443,222013
0.636572,0.969911,175600,1.75974,179711,221744
0.63754,0.971656,175871,1.76245,179979,221475
0.638511,0.9734,176142,1.76515,180246,221206
0.639486,0.975144,176412,1.76786,180513,220937
0.640464,0.976889,176682,1.77056,180780,220669
0.641446,0.978633,176952,1.77326,181047,220401
0.642432,0.980378,177222,1.77596,181313,220133
0.64342,0.982122,177491,1.77865,181579,219865
0.644413,0.983867,177761,1.78135,181845,219598
0.645408,0.985611,178030,1.78404,182111,219330
0.646407,0.987356,178298,1.78673,182377,219063
0.647408,0.9891,178567,1.78941,182642,218797
0.648413,0.990844,178835,1.7921,182907,218530
0.64942,0.992589,179104,1.79478,183172,218264
0.65043,0.994333,179372,1.79746,183437,217997
0.651443,0.996078,179639,1.80014,183701,217732
0.652458,0.997822,179907,1.80282,183966,217466
0.653475,0.999567,180174,1.80549,184230,217200
0.654494,1.00131,180441,1.80817,184493,216935
0.655515,1.00306,180708,1.81084,184757,216670
0.656538,1.0048,180975,1.8135,185020,216405
0.657562,1.00654,181241,1.81617,185283,216140
0.658588,1.00829,181508,1.81883,185546,215876
0.659614,1.01003,181774,1.82149,185809,215612
0.660642,1.01178,182039,1.82415,186072,215348
0.66167,1.01352,182305,1.82681,186334,215084
0.662699,1.01527,182570,1.82946,186596,214821
0.663728,1.01701,182835,1.83212,186858,214557
0.664758,1.01876,183100,1.83477,187119,214294
0.665787,1.0205,183365,1.83741,187381,214031
0.666816,1.02224,183630,1.84006,187642,213769
0.667844,1.02399,183894,1.8427,187903,213506
0.668872,1.02573,184158,1.84535,188163,213244
0.669899,1.02748,184422,1.84798,188424,212982
0.670924,1.02922,184685,1.85062,188684,212720
0.671949,1.03097,184949,1.85326,188944,212459
0.672972,1.03271,185212,1.85589,189204,212197
0.673994,1.03446,185475,1.85852,189463,211936
0.675013,1.0362,185737,1.86115,189723,211675
0.676031,1.03794,186000,1.86377,189982,211415
0.677047,1.03969,186262,1.8664,190241,211154
0.67806,1.04143,186524,1.86902,190500,210894
0.679071,1.04318,186786,1.87164,190758,210634
0.68008,1.04492,187048,1.87425,191016,210375
0.681086,1.04667,187309,1.87687,191274,210115
0.682089,1.04841,187570,1.87948,191532,209856
0.683089,1.05016,187831,1.88209,191789,209597
0.684087,1.0519,188092,1.8847,192047,209338
0.685081,1.05364,188352,1.88731,192304,209079
0.686072,1.05539,188613,1.88991,192561,208821
0.68706,1.05713,188873,1.89251,192817,208563
0.688044,1.05888,189132,1.89511,193074,208305
0.689025,1.06062,189392,1.89771,193330,208047
0.690003,1.06237,189651,1.9003,193586,207790
0.690978,1.06411,189910,1.90289,193842,207532
0.691949,1.06586,190169,1.90548,194097,207275
0.692916,1.0676,190428,1.90807,194352,207018
0.69388,1.06934,190686,1.91066,194607,206762
0.694841,1.07109,190945,1.91324,194862,206506
0.695798,1.07283,191203,1.91582,195117,206249
0.696752,1.07458,191460,1.9184,195371,205994
0.697702,1.07632,191718,1.92097,195625,205738
0.69865,1.07807,191975,1.92355,195879,205483
0.699593,1.07981,192232,1.92612,196133,205227
0.700534,1.08156,192489,1.92869,196386,204972
0.701471,1.0833,192746,1.93126,196639,204718
0.702406,1.08504,193002,1.93382,196892,204463
0.703337,1.08679,193259,1.93639,197145,204209
0.704266,1.08853,193514,1.93895,197397,203955
0.705191,1.09028,193770,1.9415,197650,203701
0.706114,1.09202,194026,1.94406,197902,203447
0.707035,1.09377,194281,1.94661,198153,203194
0.707953,1.09551,194536,1.94916,198405,202941
0.708868,1.09726,194791,1.95171,198656,202688
0.709781,1.099,195045,1.95426,198907,202435
0.710693,1.10074,195300,1.9568,199158,202183
0.711602,1.10249,195554,1.95935,199409,201931
0.712509,1.10423,195808,1.96189,199659,201679
0.713415,1.10598,196061,1.96442,199909,201427
0.714319,1.10772,196315,1.96696,200159,201176
0.715221,1.10947,196568,1.96949,200409,200924
0.716123,1.11121,196821,1.97202,200658,200673
0.717023,1.11296,197074,1.97455,200908,200422
0.717922,1.1147,197326,1.97708,201157,200172
0.718821,1.11644,197578,1.9796,201405,199922
0.719718,1.11819,197830,1.98212,201654,199671
0.720615,1.11993,198082,1.98464,201902,199422
0.721512,1.12168,198334,1.98716,202150,199172
0.722408,1.12342,198585,1.98967,202398,198923
0.723305,1.12517,198836,1.99218,202646,198673
0.724201,1.12691,199087,1.99469,202893,198424
0.725097,1.12866,199338,1.9972,203140,198176
0.725994,1.1304,199588,1.9997,203387,197927
0.726891,1.13214,199838,2.00221,203634,197679
0.727788,1.13389,200088,2.00471,203880,197431
0.728686,1.13563,200338,2.0072,204126,197183
0.729585,1.13738,200587,2.0097,204372,196936
0.730484,1.13912,200837,2.01219,204618,196688
0.731385,1.14087,201086,2.01468,204863,196441
0.732286,1.14261,201334,2.01717,205108,196195
0.733189,1.14436,201583,2.01966,205353,195948
0.734092,1.1461,201831,2.02214,205598,195702
0.734997,1.14784,202079,2.02462,205843,195456
0.735903,1.14959,202327,2.0271,206087,195210
0.736811,1.15133,202575,2.02958,206331,194964
0.73772,1.15308,202822,2.03205,206575,194719
0.738631,1.15482,203069,2.03452,206818,194474
0.739543,1.15657,203316,2.03699,207061,194229
0.740457,1.15831,203563,2.03946,207304,193984
0.741372,1.16006,203809,2.04193,207547,193740
0.742289,1.1618,204055,2.04439,207790,193495
0.743207,1.16354,204301,2.04685,208032,193251
0.744128,1.16529,204547,2.04931,208274,193008
0.74505,1.16703,204792,2.05176,208516,192764
0.745973,1.16878,205038,2.05421,208758,192521
0.746898,1.17052,205283,2.05667,208999,192278
0.747825,1.17227,205527,2.05911,209240,192035
0.748753,1.17401,205772,2.06156,209481,191793
0.749683,1.17576,206016,2.064,209722,191550
0.750614,1.1775,206260,2.06644,209962,191308
0.751547,1.17924,206504,2.06888,210202,191066
0.752482,1.18099,206748,2.07132,210442,190825
0.753417,1.18273,206991,2.07375,210682,190584
0.754354,1.18448,207234,2.07618,210922,190342
0.755293,1.18622,207477,2.07861,211161,190102
0.756232,1.18797,207719,2.08104,211400,189861
0.757173,1.18971,207962,2.08346,211638,189621
0.758114,1.19146,208204,2.08589,211877,189381
0.759057,1.1932,208446,2.08831,212115,189141
0.76,1.19494,208687,2.09072,212353,188901
0.760944,1.19669,208929,2.09314,212591,188662
0.761889,1.19843,209170,2.09555,212828,188422
0.762835,1.20018,209411,2.09796,213066,188184
0.763781,1.20192,209652,2.10037,213303,187945
0.764727,1.20367,209892,2.10277,213540,187706
0.765674,1.20541,210132,2.10517,213776,187468
0.766621,1.20716,210372,2.10757,214012,187230
0.767568,1.2089,210612,2.10997,214248,186993
0.768515,1.21064,210851,2.11237,214484,186755
0.769462,1.21239,211091,2.11476,214720,186518
0.770408,1.21413,211330,2.11715,214955,186281
0.771355,1.21588,211568,2.11954,215190,186044
0.772301,1.21762,211807,2.12193,215425,185808
0.773246,1.21937,212045,2.12431,215660,185571
0.774191,1.22111,212283,2.12669,215894,185335
0.775136,1.22286,212521,2.12907,216128,185100
0.776079,1.2246,212758,2.13144,216362,184864
0.777022,1.22634,212996,2.13382,216596,184629
0.777963,1.22809,213233,2.13619,216829,184394
0.778904,1.22983,213470,2.13856,217062,184159
0.779843,1.23158,213706,2.14092,217295,183925
0.780781,1.23332,213943,2.14329,217528,183690
0.781718,1.23507,214179,2.14565,217760,183456
0.782653,1.23681,214414,2.14801,217992,183222
0.783587,1.23856,214650,2.15036,218224,182989
0.78452,1.2403,214885,2.15272,218456,182756
0.785451,1.24204,215120,2.15507,218687,182522
0.78638,1.24379,215355,2.15742,218918,182290
0.787307,1.24553,215590,2.15977,219149,182057
0.788233,1.24728,215824,2.16211,219380,181825
0.789157,1.24902,216058,2.16445,219610,181593
0.790079,1.25077,216292,2.16679,219840,181361
0.790999,1.25251,216526,2.16913,220070,181129
0.791918,1.25426,216759,2.17146,220300,180898
0.792834,1.256,216992,2.17379,220529,180667
0.793748,1.25774,217225,2.17612,220758,180436
0.794661,1.25949,217458,2.17845,220987,180205
0.795571,1.26123,217690,2.18078,221216,179975
0.796479,1.26298,217923,2.1831,221445,179745
0.797386,1.26472,218154,2.18542,221673,179515
0.79829,1.26647,218386,2.18773,221901,179285
0.799192,1.26821,218618,2.19005,222128,179056
0.800093,1.26996,218849,2.19236,222356,178827
0.800991,1.2717,219080,2.19467,222583,178598
0.801887,1.27344,219310,2.19698,222810,178369
0.802781,1.27519,219541,2.19928,223037,178141
0.803674,1.27693,219771,2.20159,223263,177913
0.804564,1.27868,220001,2.20389,223489,177685
0.805453,1.28042,220231,2.20618,223715,177457
0.80634,1.28217,220460,2.20848,223941,177230
0.807225,1.28391,220689,2.21077,224166,177003
0.808108,1.28566,220918,2.21306,224391,176776
0.80899,1.2874,221147,2.21535,224616,176549
0.80987,1.28914,221375,2.21763,224841,176323
0.810748,1.29089,221604,2.21992,225066,176097
0.811625,1.29263,221832,2.2222,225290,175871
0.8125,1.29438,222059,2.22447,225514,175645
0.813374,1.29612,222287,2.22675,225737,175420
0.814247,1.29787,222514,2.22902,225961,175195
0.815118,1.29961,222741,2.23129,226184,174970
0.815988,1.30136,222968,2.23356,226407,174745
0.816857,1.3031,223194,2.23582,226630,174521
0.817725,1.30484,223420,2.23809,226852,174297
0.818592,1.30659,223646,2.24035,227074,174073
0.819458,1.30833,223872,2.2426,227296,173849
0.820323,1.31008,224097,2.24486,227518,173626
0.821187,1.31182,224323,2.24711,227739,173403
0.822051,1.31357,224548,2.24936,227961,173180
0.822914,1.31531,224772,2.25161,228181,172957
0.823776,1.31706,224997,2.25385,228402,172735
0.824638,1.3188,225221,2.2561,228623,172512
0.825499,1.32054,225445,2.25834,228843,172291
0.82636,1.32229,225669,2.26058,229063,172069
0.82722,1.32403,225892,2.26281,229282,171848
0.828081,1.32578,226115,2.26504,229502,171626
0.828941,1.32752,226338,2.26727,229721,171406
0.829801,1.32927,226561,2.2695,229940,171185
0.830661,1.33101,226784,2.27173,230159,170965
0.831521,1.33276,227006,2.27395,230377,170744
0.83238,1.3345,227228,2.27617,230595,170525
0.833241,1.33624,227450,2.27839,230813,170305
0.834101,1.33799,227671,2.2806,231031,170086
0.834961,1.33973,227892,2.28281,231248,169866
0.835822,1.34148,228113,2.28502,231465,169648
0.836683,1.34322,228334,2.28723,231682,169429
0.837544,1.34497,228554,2.28944,231899,169211
0.838405,1.34671,228775,2.29164,232115,168992
0.839267,1.34846,228994,2.29384,232331,168775
0.84013,1.3502,229214,2.29604,232547,168557
0.840993,1.35194,229434,2.29823,232763,168340
0.841856,1.35369,229653,2.30042,232978,168123
0.84272,1.35543,229872,2.30261,233193,167906
0.843584,1.35718,230090,2.3048,233408,167689
0.844449,1.35892,230309,2.30698,233623,167473
0.845315,1.36067,230527,2.30917,233837,167257
0.84618,1.36241,230745,2.31135,234051,167041
0.847047,1.36416,230963,2.31352,234265,166825
0.847914,1.3659,231180,2.3157,234479,166610
0.848782,1.36764,231397,2.31787,234692,166395
0.84965,1.36939,231614,2.32004,234905,166180
0.850519,1.37113,231831,2.32221,235118,165965
0.851388,1.37288,232047,2.32437,235331,165751
0.852258,1.37462,232264,2.32653,235543,165537
0.853128,1.37637,232479,2.32869,235755,165323
0.853999,1.37811,232695,2.33085,235967,165110
0.85487,1.37986,232911,2.333,236178,164896
0.855742,1.3816,233126,2.33516,236390,164683
0.856614,1.38334,233341,2.33731,236601,164471
0.857487,1.38509,233555,2.33945,236811,164258
0.858359,1.38683,233770,2.3416,237022,164046
0.859233,1.38858,233984,2.34374,237232,163834
0.860106,1.39032,234198,2.34588,237442,163622
0.86098,1.39207,234411,2.34801,237652,163410
0.861854,1.39381,234625,2.35015,237862,163199
